S_ID,station_no,Store_type,Location_ID,name_tw,district_tw,address_tw,lat,lng,Section
301,"""501301001""",3,3001,"""七股遊客中心""",台南市七股區,"""七股區鹽埕里鹽埕69號""","""23.15375""","""120.10398""",11.0
302,"""501302001""",3,3002,"""下營停一""",台南市下營區,"""中山路二段77號""","""23.23306""","""120.26170""",39.0
303,"""501302002""",3,3003,"""下營區游泳池""",台南市下營區,"""水池街9號""","""23.23920""","""120.26188""",39.0
304,"""501302003""",3,3004,"""下營道班房""",台南市下營區,"""營前街16號南側""","""23.22972""","""120.26345""",39.0
305,"""501302004""",3,3005,"""下營文小2運動公園""",台南市下營區,"""博愛街32號西側""","""23.23582""","""120.25789""",39.0
306,"""501302005""",3,3006,"""下營區公所""",台南市下營區,"""中山路一段170號""","""23.23557""","""120.26426""",39.0
307,"""501302006""",3,3007,"""下營中山中華""",台南市下營區,"""中山路一段318號""","""23.23762""","""120.26816""",39.0
308,"""501303002""",3,3008,"""大內石子瀨""",台南市大內區,"""大內區石湖里石子瀨357號東側""","""23.12280""","""120.35395""",
309,"""501304001""",3,3009,"""水道博物館""",台南市山上區,"""山上區山上里山上11-8號""","""23.09707""","""120.35986""",24.0
3010,"""501304002""",3,30010,"""淨水池區停車場""",台南市山上區,"""山上區新莊里新庄59-18號""","""23.08897""","""120.35868""",24.0
3011,"""501304003""",3,30011,"""山上國小""",台南市山上區,"""山上區南洲里南洲43號""","""23.10130""","""120.35557""",24.0
3012,"""501304004""",3,30012,"""山上區公所""",台南市山上區,"""山上區南洲里南洲325號""","""23.10316""","""120.35278""",24.0
3013,"""501305001""",3,30013,"""民生轉運站""",台南市中西區,"""民生路二段416號旁""","""22.99781""","""120.18759""",3.0
3014,"""501305002""",3,30014,"""海安民族""",台南市中西區,"""海安路二段297號前""","""22.99841""","""120.19767""",3.0
3015,"""501305003""",3,30015,"""海安正興""",台南市中西區,"""海安路二段90號對側""","""22.99461""","""120.19644""",3.0
3016,"""501305004""",3,30016,"""赤崁樓""",台南市中西區,"""赤嵌街9號(對側人行道)""","""22.99752""","""120.20227""",3.0
3017,"""501305005""",3,30017,"""家庭教育中心""",台南市中西區,"""公園路/公園路175巷(西北側)""","""22.99715""","""120.20639""",3.0
3018,"""501305006""",3,30018,"""小西門公園""",台南市中西區,"""和意路/永福路一段233巷口(東南側)""","""22.98840""","""120.19852""",3.0
3019,"""501305007""",3,30019,"""臺南市美術館二館""",台南市中西區,"""府前路一段與永福路二段口""","""22.99013""","""120.20049""",3.0
3020,"""501305008""",3,30020,"""延平郡王祠""",台南市中西區,"""開山路129號(對側人行道)""","""22.98844""","""120.20793""",3.0
3021,"""501305009""",3,30021,"""臺灣文學館""",台南市中西區,"""友愛街(臺灣文學館後門)""","""22.99111""","""120.20392""",3.0
3022,"""501305010""",3,30022,"""臺南大學(後校門)""",台南市中西區,"""健康路一段170巷12號(對側人行道)""","""22.98198""","""120.20708""",3.0
3023,"""501305012""",3,30023,"""部立臺南醫院""",台南市中西區,"""中山路125號前""","""22.99601""","""120.20977""",3.0
3024,"""501305013""",3,30024,"""頂湖公園""",台南市中西區,"""湖美二街/西湖街口""","""23.00385""","""120.18189""",3.0
3025,"""501305014""",3,30025,"""海安民權""",台南市中西區,"""海安路二段193號(對側人行道)""","""22.99671""","""120.19705""",3.0
3026,"""501305015""",3,30026,"""河樂廣場(金華路)""",台南市中西區,"""金華路三段/中正路口""","""22.99374""","""120.19335""",3.0
3027,"""501305016""",3,30027,"""萬昌街停車場""",台南市中西區,"""萬昌街87號(對側)""","""22.99115""","""120.21043""",3.0
3028,"""501305017""",3,30028,"""臺南生活美學館(府前路)""",台南市中西區,"""府前路二段/府前一街口""","""22.99219""","""120.18871""",3.0
3029,"""501305018""",3,30029,"""西湖公園""",台南市中西區,"""民權路四段/頂美二街口""","""22.99921""","""120.18458""",3.0
3030,"""501305019""",3,30030,"""河樂廣場(康樂街)""",台南市中西區,"""中正路347號旁""","""22.99327""","""120.19438""",3.0
3031,"""501305020""",3,30031,"""二府口公園(友愛街115巷)""",台南市中西區,"""友愛街115巷5號對側""","""22.99098""","""120.19957""",3.0
3032,"""501305021""",3,30032,"""海安中正""",台南市中西區,"""海安路一段211號東側""","""22.99308""","""120.19592""",3.0
3033,"""501305022""",3,30033,"""海安府前""",台南市中西區,"""海安路一段186號西側""","""22.99123""","""120.19560""",3.0
3034,"""501305023""",3,30034,"""西賢公園""",台南市中西區,"""西賢一街178號西側""","""23.00250""","""120.17756""",3.0
3035,"""501305024""",3,30035,"""湖美公園""",台南市中西區,"""湖美街60巷30號東側""","""23.00137""","""120.18126""",3.0
3036,"""501305025""",3,30036,"""西和綠園""",台南市中西區,"""文祥街258號東側""","""23.00055""","""120.18790""",3.0
3037,"""501305026""",3,30037,"""西華南成功""",台南市中西區,"""西華南街122號對側""","""22.99706""","""120.21000""",3.0
3038,"""501305027""",3,30038,"""華平民權""",台南市中西區,"""華平路770號西側""","""22.99949""","""120.17576""",3.0
3039,"""501305028""",3,30039,"""頂美公園""",台南市中西區,"""和緯路五段59巷22號東側""","""23.00562""","""120.18531""",3.0
3040,"""501305029""",3,30040,"""西賢一街187巷口""",台南市中西區,"""西賢一街187巷99號西側""","""23.00372""","""120.17547""",3.0
3041,"""501305032""",3,30041,"""孔廟文化園區(南門路)""",台南市中西區,"""南門路83號對側""","""22.98920""","""120.20452""",3.0
3042,"""501305033""",3,30042,"""開山大同""",台南市中西區,"""開山路317號西側""","""22.98500""","""120.21089""",3.0
3043,"""501305034""",3,30043,"""南門公園""",台南市中西區,"""南門路159-4號西側""","""22.98640""","""120.20419""",3.0
3044,"""501305036""",3,30044,"""和緯西賢""",台南市中西區,"""和緯路五段307號對側""","""23.00529""","""120.17903""",3.0
3045,"""501305037""",3,30045,"""武聖路69巷40弄口""",台南市中西區,"""武聖路83號""","""23.00583""","""120.19141""",3.0
3046,"""501305038""",3,30046,"""運河星鑽停車場""",台南市中西區,"""金華新路/大涼路口(西北側停車場)""","""22.99448""","""120.18859""",3.0
3047,"""501305040""",3,30047,"""臺南女中""",台南市中西區,"""大埔街97號""","""22.98719""","""120.20713""",3.0
3048,"""501306001""",3,30048,"""臺南都會公園(文華路)""",台南市仁德區,"""臺南都會公園(文華路二段)""","""22.93732""","""120.22319""",31.0
3049,"""501306002""",3,30049,"""臺南都會公園(文賢路)""",台南市仁德區,"""奇美博物館文賢路停車場""","""22.93625""","""120.22868""",31.0
3050,"""501306003""",3,30050,"""嘉南藥理大學""",台南市仁德區,"""嘉南藥理大學(北三機車停車場)""","""22.92231""","""120.22728""",31.0
3051,"""501306004""",3,30051,"""保安轉運站""",台南市仁德區,"""保安轉運站公車侯車亭旁 (文賢路一段)""","""22.9328""","""120.2306""",31.0
3052,"""501306006""",3,30052,"""保華崇德""",台南市仁德區,"""保華路245號北側""","""22.95923""","""120.22681""",31.0
3053,"""501306007""",3,30053,"""衛福部胸腔病院""",台南市仁德區,"""文心路/中山路口(東南側)""","""22.97435""","""120.24154""",31.0
3054,"""501306008""",3,30054,"""中華醫事科技大學""",台南市仁德區,"""文華一街89號前""","""22.96079""","""120.24341""",31.0
3055,"""501306009""",3,30055,"""仁德運動公園""",台南市仁德區,"""仁義路221號南側""","""22.96848""","""120.25846""",31.0
3056,"""501306010""",3,30056,"""仁中公園""",台南市仁德區,"""仁中三街75號北側""","""22.96338""","""120.25161""",31.0
3057,"""501306011""",3,30057,"""德南國小""",台南市仁德區,"""中正路二段209號""","""22.94910""","""120.25125""",31.0
3058,"""501306012""",3,30058,"""文宏公園""",台南市仁德區,"""文宏路268號西側""","""22.97715""","""120.24336""",31.0
3059,"""501306014""",3,30059,"""南147線(奇美)""",台南市仁德區,"""中正路一段398號北側""","""22.92754""","""120.24305""",31.0
3060,"""501306015""",3,30060,"""中洲車站""",台南市仁德區,"""中洲五街236號""","""22.90449""","""120.25289""",31.0
3061,"""501306016""",3,30061,"""中洲中生""",台南市仁德區,"""中洲路750號""","""22.90796""","""120.25056""",31.0
3062,"""501306018""",3,30062,"""清王公園""",台南市仁德區,"""行大街8號南側""","""22.91633""","""120.22362""",31.0
3063,"""501306019""",3,30063,"""港尾溝溪滯洪池""",台南市仁德區,"""中正路一段95號南側""","""22.91883""","""120.23155""",31.0
3064,"""501306020""",3,30064,"""仁德車站""",台南市仁德區,"""永德路10號北側""","""22.92385""","""120.24049""",31.0
3065,"""501306021""",3,30065,"""仁德文賢國中""",台南市仁德區,"""中正路一段185號""","""22.92106""","""120.23499""",31.0
3066,"""501306022""",3,30066,"""中正太子路口""",台南市仁德區,"""中正路三段701號南側""","""22.99121""","""120.25560""",31.0
3067,"""501306023""",3,30067,"""仁德忠義中正""",台南市仁德區,"""忠義路260號""","""22.97664""","""120.25437""",31.0
3068,"""501306027""",3,30068,"""仁德區公所""",台南市仁德區,"""中正路三段5號""","""22.97224""","""120.25181""",31.0
3069,"""501306028""",3,30069,"""文山公園""",台南市仁德區,"""文山路161號對側""","""22.97560""","""120.24647""",31.0
3070,"""501306029""",3,30070,"""仁德國中""",台南市仁德區,"""民安路一段363號""","""22.95614""","""120.24721""",31.0
3071,"""501307001""",3,30071,"""林鳳營車站""",台南市六甲區,"""六甲區中社里林鳳營16號""","""23.24275""","""120.32079""",19.0
3072,"""501307002""",3,30072,"""六甲運動公園""",台南市六甲區,"""和平街479號""","""23.23186""","""120.34362""",19.0
3073,"""501307003""",3,30073,"""六甲國小""",台南市六甲區,"""中正路319號""","""23.22549""","""120.35074""",19.0
3074,"""501308001""",3,30074,"""井仔腳瓦盤鹽田""",台南市北門區,"""北門區井仔腳64號""","""23.25931""","""120.10826""",15.0
3075,"""501308002""",3,30075,"""北門遊客中心""",台南市北門區,"""北門區北門里200號(第一停車場)""","""23.26591""","""120.12360""",15.0
3076,"""501309001""",3,30076,"""大興公園""",台南市北區,"""文賢路/大興街口(西南側)""","""23.01182""","""120.19377""",2.0
3077,"""501309002""",3,30077,"""花園夜市""",台南市北區,"""海安路三段/和緯路三段口(西南側)""","""23.01131""","""120.2004""",2.0
3078,"""501309003""",3,30078,"""和順公園""",台南市北區,"""臨安路二段231號對側""","""23.00399733616001""","""120.20059324732941""",2.0
3079,"""501309004""",3,30079,"""臺南公園(臺南轉運站)""",台南市北區,"""公園路/公園南路口(東北側)""","""23.00176""","""120.20932""",2.0
3080,"""501309005""",3,30080,"""臺南二中""",台南市北區,"""公園北路3號(東北側)""","""23.00397""","""120.21322""",2.0
3081,"""501309006""",3,30081,"""成大醫院(小東路)""",台南市北區,"""小東路35號前""","""23.00108""","""120.21824""",2.0
3082,"""501309007""",3,30082,"""海安成功""",台南市北區,"""海安路三段17號前""","""23.00088""","""120.19879""",2.0
3083,"""501309008""",3,30083,"""福德公園""",台南市北區,"""文成路/育德三街口""","""23.01282""","""120.20197""",2.0
3084,"""501309009""",3,30084,"""延平國中""",台南市北區,"""和緯路一段/長榮路五段401巷口""","""23.01028""","""120.21164""",2.0
3085,"""501309010""",3,30085,"""光武公園""",台南市北區,"""北門路二段591號""","""23.01205""","""120.21663""",2.0
3086,"""501309011""",3,30086,"""成大醫院(東豐路)""",台南市北區,"""東豐路166號前""","""23.00328""","""120.21734""",2.0
3087,"""501309013""",3,30087,"""開元振興公園""",台南市北區,"""開南街60號""","""23.00665""","""120.22420""",2.0
3088,"""501309018""",3,30088,"""立德公園""",台南市北區,"""立賢路一段/育德路口""","""23.00958""","""120.20561""",2.0
3089,"""501309020""",3,30089,"""孝德公園""",台南市北區,"""育德二路421巷26號""","""23.01631""","""120.20152""",2.0
3090,"""501309021""",3,30090,"""勝安香草運動公園""",台南市北區,"""開元路/前鋒路口""","""23.00594""","""120.21618""",2.0
3091,"""501309022""",3,30091,"""小東捐血室""",台南市北區,"""小東路423巷1-2號前""","""22.99874""","""120.23264""",2.0
3092,"""501309023""",3,30092,"""育北公園""",台南市北區,"""育德二路786號(對側人行道)""","""23.01973""","""120.20136""",2.0
3093,"""501309024""",3,30093,"""鄭子寮公園""",台南市北區,"""北安路一段177-30號北側""","""23.02021""","""120.20566""",2.0
3094,"""501309025""",3,30094,"""小東公園""",台南市北區,"""小東路57號東側""","""23.00064""","""120.22511""",2.0
3095,"""501309027""",3,30095,"""北安公園""",台南市北區,"""北安路一段142號""","""23.01736""","""120.20931""",2.0
3096,"""501309028""",3,30096,"""成德公園""",台南市北區,"""育德路500號""","""23.01415""","""120.20666""",2.0
3097,"""501309029""",3,30097,"""凱德公園""",台南市北區,"""育德一街81號(旁公園)""","""23.01564""","""120.20524""",2.0
3098,"""501309030""",3,30098,"""賢北國小""",台南市北區,"""大興街599號""","""23.00782""","""120.17967""",2.0
3099,"""501309031""",3,30099,"""西門公園451巷""",台南市北區,"""西門路四段170號北側""","""23.00988""","""120.20825""",2.0
30100,"""501309032""",3,300100,"""賢北停車場""",台南市北區,"""賢北街61號東側""","""23.00884""","""120.18303""",2.0
30101,"""501309033""",3,300101,"""北區陽光公園""",台南市北區,"""育德二路60號西側""","""23.00818""","""120.20264""",2.0
30102,"""501309034""",3,300102,"""臺南車站(前站二)""",台南市北區,"""北門路二段3號旁""","""22.99772""","""120.21193""",2.0
30103,"""501309035""",3,300103,"""正德順德公園""",台南市北區,"""中華北路二段194巷57號西側""","""23.01947""","""120.20324""",2.0
30104,"""501309036""",3,300104,"""文靈公園""",台南市北區,"""文賢三街348號西側""","""23.01701""","""120.19788""",2.0
30105,"""501309037""",3,300105,"""文元公園""",台南市北區,"""文成路637號北側""","""23.01247""","""120.19815""",2.0
30106,"""501309038""",3,300106,"""北園公園""",台南市北區,"""北園街114巷5號""","""23.01320""","""120.22393""",2.0
30107,"""501309039""",3,300107,"""東豐長榮""",台南市北區,"""東豐路295號南側""","""23.00239""","""120.22315""",2.0
30108,"""501309040""",3,300108,"""小北棒球場(文成五育德一)""",台南市北區,"""文成五路66號南側""","""23.01868""","""120.20496""",2.0
30109,"""501309041""",3,300109,"""臺南市桌球館""",台南市北區,"""東豐路458號""","""23.00185""","""120.22652""",2.0
30110,"""501309043""",3,300110,"""成大醫院成杏校區(東豐路)""",台南市北區,"""東豐路221號南側""","""23.00280""","""120.22037""",2.0
30111,"""501309045""",3,300111,"""北元公園""",台南市北區,"""海安路三段985巷46號南側""","""23.01920""","""120.19870""",2.0
30112,"""501309046""",3,300112,"""中成成功""",台南市北區,"""成功路114號""","""22.99848""","""120.20542""",2.0
30113,"""501309047""",3,300113,"""文賢國中""",台南市北區,"""文賢路292巷117號(東南側)""","""23.00639""","""120.19649""",2.0
30114,"""501309049""",3,300114,"""長勝長榮路口""",台南市北區,"""長勝路5號前""","""23.00944""","""120.22022""",2.0
30115,"""501309051""",3,300115,"""元成公園""",台南市北區,"""文賢 二街205號""","""23.01563""","""120.19688""",2.0
30116,"""501309053""",3,300116,"""北成公園""",台南市北區,"""北成路38巷2號對側""","""23.01906""","""120.21088""",2.0
30117,"""501310001""",3,300117,"""左鎮化石園區""",台南市左鎮區,"""左鎮區61-23號南側""","""23.06361""","""120.38913""",37.0
30118,"""501311001""",3,300118,"""永康車站""",台南市永康區,"""中山路536巷內""","""23.03861526""","""120.2541311""",22.0
30119,"""501311002""",3,300119,"""臺南市立圖書館""",台南市永康區,"""康橋大道255號""","""23.02506""","""120.23797""",22.0
30120,"""501311004""",3,300120,"""南大附中""",台南市永康區,"""中山南路948號""","""23.0237809""","""120.2528907""",22.0
30121,"""501311005""",3,300121,"""小橋公園""",台南市永康區,"""東橋十街3號南側""","""23.02246""","""120.23360""",22.0
30122,"""501311006""",3,300122,"""國立成功大學附屬南工""",台南市永康區,"""中山南路193號""","""23.01458""","""120.23412""",22.0
30123,"""501311008""",3,300123,"""龍中公園""",台南市永康區,"""永大路三段618巷/八德街88巷口""","""23.03850""","""120.26060""",22.0
30124,"""501311009""",3,300124,"""南臺科技大學(第三男子宿舍)""",台南市永康區,"""南台街75巷口(東北側)""","""23.02265""","""120.22213""",22.0
30125,"""501311013""",3,300125,"""臺南應用科技大學""",台南市永康區,"""中正路882號對側""","""23.03919""","""120.23957""",22.0
30126,"""501311014""",3,300126,"""臺南應用科技大學(後門)""",台南市永康區,"""正南五街/中正六街口(南側)""","""23.03627""","""120.23742""",22.0
30127,"""501311015""",3,300127,"""探索教育公園(永平街)""",台南市永康區,"""永平街427號對側""","""23.02176""","""120.25917""",22.0
30128,"""501311016""",3,300128,"""奇美醫院(中華路)""",台南市永康區,"""中華路901號""","""23.02082""","""120.22230""",22.0
30129,"""501311017""",3,300129,"""台1線正南八街口""",台南市永康區,"""正南八街1號""","""23.03828""","""120.23324""",22.0
30130,"""501311020""",3,300130,"""大橋三街(活動中心)""",台南市永康區,"""大橋三街230號南側""","""23.02054""","""120.22876""",22.0
30131,"""501311021""",3,300131,"""祥合公園(勝學路)""",台南市永康區,"""中華二路379巷12號東南側""","""23.00792""","""120.23165""",22.0
30132,"""501311022""",3,300132,"""永康勝利國小""",台南市永康區,"""勝學路111號""","""23.00357""","""120.23087""",22.0
30133,"""501311023""",3,300133,"""永康臨時轉運站""",台南市永康區,"""永運路150號北側""","""23.04481""","""120.24971""",22.0
30134,"""501311024""",3,300134,"""三村國小""",台南市永康區,"""鹽行路2號""","""23.04158""","""120.23719""",22.0
30135,"""501311025""",3,300135,"""大橋車站(北側)""",台南市永康區,"""中華路835號北側""","""23.01972""","""120.22432""",22.0
30136,"""501311026""",3,300136,"""大橋車站(南側)""",台南市永康區,"""中華路817號北側""","""23.01930""","""120.22486""",22.0
30137,"""501311027""",3,300137,"""復華七國華街口""",台南市永康區,"""國華街110號""","""23.01461""","""120.24684""",22.0
30138,"""501311028""",3,300138,"""永康國小""",台南市永康區,"""中山南路637號""","""23.02569""","""120.25575""",22.0
30139,"""501311029""",3,300139,"""永康拖吊場""",台南市永康區,"""永大五路1號""","""23.02054""","""120.26159""",22.0
30140,"""501311030""",3,300140,"""西灣里滯洪池""",台南市永康區,"""永大路二段451號""","""23.01561""","""120.26319""",22.0
30141,"""501311031""",3,300141,"""大灣國小""",台南市永康區,"""大灣路283號""","""23.00601""","""120.26716""",22.0
30142,"""501311032""",3,300142,"""大灣高中(文賢街)""",台南市永康區,"""文賢街68巷1號西側""","""23.00709""","""120.27174""",22.0
30143,"""501311033""",3,300143,"""忠義街44巷""",台南市永康區,"""忠義街44巷46號北側""","""22.99996""","""120.23772""",22.0
30144,"""501311034""",3,300144,"""安康里鄰里公園""",台南市永康區,"""中華西街196巷28號北側""","""23.01723""","""120.22620""",22.0
30145,"""501311035""",3,300145,"""鹽行國中(平道二路)""",台南市永康區,"""水漾路110號""","""23.04647""","""120.24577""",22.0
30146,"""501311036""",3,300146,"""永康區社教中心""",台南市永康區,"""永大二路88號""","""23.01921""","""120.26022""",22.0
30147,"""501311040""",3,300147,"""中山北永明""",台南市永康區,"""中山北路65號""","""23.02652""","""120.25859""",22.0
30148,"""501311041""",3,300148,"""獅子亭公園(南工宿舍)""",台南市永康區,"""中山南路106-9號北側""","""23.01324""","""120.22962""",22.0
30149,"""501311042""",3,300149,"""東橋一東橋五""",台南市永康區,"""東橋一路576號北側""","""23.02569""","""120.23394""",22.0
30150,"""501311043""",3,300150,"""永康公2公園""",台南市永康區,"""東橋十二街186號北側""","""23.02556""","""120.23597""",22.0
30151,"""501311044""",3,300151,"""東橋2號公園""",台南市永康區,"""東橋七路151號""","""23.01982""","""120.23757""",22.0
30152,"""501311045""",3,300152,"""兒三廣十公園""",台南市永康區,"""東橋一路156號西側""","""23.01807""","""120.23441""",22.0
30153,"""501311046""",3,300153,"""龍潭派出所""",台南市永康區,"""龍埔街137號東側""","""23.03387""","""120.26425""",22.0
30154,"""501311047""",3,300154,"""中正南路404巷口""",台南市永康區,"""中正南路533號""","""23.03432""","""120.22924""",22.0
30155,"""501311050""",3,300155,"""龍國龍潭街口""",台南市永康區,"""龍國街400號""","""23.03181""","""120.26662""",22.0
30156,"""501311051""",3,300156,"""復華一街停車場""",台南市永康區,"""復華一街30號對側""","""23.00533""","""120.24523""",22.0
30157,"""501311055""",3,300157,"""東橋八街東橋五路口""",台南市永康區,"""東橋八街210號旁""","""23.02208""","""120.23582""",22.0
30158,"""501312002""",3,300158,"""玉井區圖書館""",台南市玉井區,"""民族路218號""","""23.1236""","""120.46874""",21.0
30159,"""501312003""",3,300159,"""玉井客運站""",台南市玉井區,"""中正路54號西側""","""23.12397""","""120.46033""",21.0
30160,"""501312005""",3,300160,"""中華富強""",台南市玉井區,"""中正路139號""","""23.12538""","""120.46208""",21.0
30161,"""501312006""",3,300161,"""玉井中華中山""",台南市玉井區,"""中華路228號""","""23.12011""","""120.46604""",21.0
30162,"""501313001""",3,300162,"""白河區圖書館""",台南市白河區,"""大德街1號""","""23.35297""","""120.41243""",9.0
30163,"""501314001""",3,300163,"""水景公園""",台南市安平區,"""安北路與安平路850巷路口""","""23.00202""","""120.1581""",5.0
30164,"""501314002""",3,300164,"""安平遊憩碼頭""",台南市安平區,"""運河路55號對側""","""22.99757""","""120.16055""",5.0
30165,"""501314003""",3,300165,"""安億停車場""",台南市安平區,"""安億路(安億停車場旁)""","""22.99667""","""120.16381""",5.0
30166,"""501314004""",3,300166,"""安平區公所""",台南市安平區,"""育平路與育平八街(東南側人行道)""","""22.99437""","""120.16768""",5.0
30167,"""501314005""",3,300167,"""運河公園""",台南市安平區,"""建平十七街及華平路口""","""22.99737""","""120.17677""",5.0
30168,"""501314006""",3,300168,"""臺南市政府(永華中心)""",台南市安平區,"""府前路二段與府前四街(西南側人行道)""","""22.99301""","""120.18457""",5.0
30169,"""501314007""",3,300169,"""臺南市議會""",台南市安平區,"""永華路二段/中華西路二段口(東北側)""","""22.98923""","""120.18674""",5.0
30170,"""501314008""",3,300170,"""林默娘公園""",台南市安平區,"""安億路(林默娘公園停車場旁)""","""22.99291""","""120.15681""",5.0
30171,"""501314009""",3,300171,"""億載金城""",台南市安平區,"""光州路與光州五街路口(億載金城侯車亭旁)""","""22.98877""","""120.16009""",5.0
30172,"""501314010""",3,300172,"""漁光島""",台南市安平區,"""健康路三段/漁光路(西南側)""","""22.98143""","""120.15642""",5.0
30173,"""501314011""",3,300173,"""西門實小""",台南市安平區,"""古堡街87號旁""","""23.00301""","""120.16089""",5.0
30174,"""501314012""",3,300174,"""臺南地政事務所""",台南市安平區,"""建平路321號對側公園""","""22.99055""","""120.18283""",5.0
30175,"""501314013""",3,300175,"""漁光島停車場""",台南市安平區,"""漁光路停車場(對側人行道)""","""22.98634""","""120.15221""",5.0
30176,"""501314014""",3,300176,"""億載公園""",台南市安平區,"""光州永華路二段停車場""","""22.99138""","""120.15929""",5.0
30177,"""501314018""",3,300177,"""安平中華西""",台南市安平區,"""安平路70號(對側人行道)""","""22.99801""","""120.18482""",5.0
30178,"""501314019""",3,300178,"""永華文平""",台南市安平區,"""永華路二段399號前""","""22.98996""","""120.17875""",5.0
30179,"""501314020""",3,300179,"""金城國中""",台南市安平區,"""怡平路140巷口""","""22.99328""","""120.17961""",5.0
30180,"""501314021""",3,300180,"""怡平公園""",台南市安平區,"""平通路/永華六街口(西南側)""","""22.99286""","""120.17670""",5.0
30181,"""501314022""",3,300181,"""永華國平""",台南市安平區,"""永華路二段/國平路口(西南側)""","""22.99101""","""120.17097""",5.0
30182,"""501314023""",3,300182,"""健康國平西""",台南市安平區,"""健康路三段326號對側""","""22.98430""","""120.16984""",5.0
30183,"""501314024""",3,300183,"""台南大員皇冠假日酒店""",台南市安平區,"""安北路/州平二街口(西北側)""","""22.99879""","""120.15029""",5.0
30184,"""501314028""",3,300184,"""臺南地院(健康二街)""",台南市安平區,"""健康二街16號西側""","""22.98443""","""120.17242""",5.0
30185,"""501314029""",3,300185,"""府平公園(郡平路)""",台南市安平區,"""郡平路46號南側""","""22.98844""","""120.17223""",5.0
30186,"""501314030""",3,300186,"""承天橋(平通路580巷)""",台南市安平區,"""慶平路555號北側""","""22.99755""","""120.17090""",5.0
30187,"""501314031""",3,300187,"""水景停車場""",台南市安平區,"""湖內一街99巷33號北側""","""22.99945""","""120.15803""",5.0
30188,"""501314032""",3,300188,"""觀夕平台""",台南市安平區,"""安港路202號東南側""","""22.99048""","""120.14755""",5.0
30189,"""501314033""",3,300189,"""安北路370巷""",台南市安平區,"""安北路370巷1弄1號東側""","""23.00049""","""120.15375""",5.0
30190,"""501314034""",3,300190,"""安平國中""",台南市安平區,"""育平路501號東側""","""22.99746""","""120.16761""",5.0
30191,"""501314035""",3,300191,"""南市區漁會""",台南市安平區,"""大平路66號""","""22.99654""","""120.15367""",5.0
30192,"""501314037""",3,300192,"""永華育平路口""",台南市安平區,"""永華路二段869號前""","""22.99148""","""120.16704""",5.0
30193,"""501315001""",3,300193,"""安定區公所(停車場)""",台南市安定區,"""安定區安定里安定443-1號對側""","""23.12098""","""120.23655""",6.0
30194,"""501315002""",3,300194,"""蘇厝橋""",台南市安定區,"""安定區蘇厝里蘇厝293-69號西側""","""23.12499""","""120.25136""",6.0
30195,"""501316001""",3,300195,"""臺灣歷史博物館""",台南市安南區,"""長和路一段250號""","""23.05829""","""120.23282""",8.0
30196,"""501316002""",3,300196,"""台江文化中心""",台南市安南區,"""安中路二段136號(對側人行道)""","""23.04617""","""120.18795""",8.0
30197,"""501316003""",3,300197,"""台江國家公園遊客中心""",台南市安南區,"""四草大道118號東側""","""23.00254""","""120.13935""",8.0
30198,"""501316004""",3,300198,"""四草綠色隧道""",台南市安南區,"""大眾路360號南側""","""23.01927""","""120.13589""",8.0
30199,"""501316006""",3,300199,"""媽祖宮公園""",台南市安南區,"""媽祖宮一街136號東南側""","""23.03660""","""120.12509""",8.0
30200,"""501316008""",3,300200,"""鹿耳門公園""",台南市安南區,"""城安路85號""","""23.06637""","""120.12684""",8.0
30201,"""501316009""",3,300201,"""新順公園""",台南市安南區,"""安豐六街200號北側""","""23.04627""","""120.21619""",8.0
30202,"""501316010""",3,300202,"""南路寮公園""",台南市安南區,"""培安路410號東側""","""23.03840""","""120.21321""",8.0
30203,"""501316011""",3,300203,"""頂順頂安""",台南市安南區,"""頂安街260巷71弄26號西側""","""23.04563""","""120.21042""",8.0
30204,"""501316012""",3,300204,"""梅花友愛公園""",台南市安南區,"""安中路一段557巷20號南側""","""23.03986""","""120.19917""",8.0
30205,"""501316013""",3,300205,"""九份子國中小""",台南市安南區,"""九份子大道8號""","""23.02196""","""120.18479""",8.0
30206,"""501316014""",3,300206,"""溪仔墘植物公園""",台南市安南區,"""海佃路一段372巷55號南側""","""23.02808""","""120.19255""",8.0
30207,"""501316015""",3,300207,"""溪東親子公園""",台南市安南區,"""富東路215號東側""","""23.02747""","""120.19788""",8.0
30208,"""501316016""",3,300208,"""海佃休閒公園""",台南市安南區,"""郡安路六段55巷76號東側""","""23.02729""","""120.18768""",8.0
30209,"""501316018""",3,300209,"""長安國小""",台南市安南區,"""長溪路三段249號""","""23.06551""","""120.19775""",8.0
30210,"""501316019""",3,300210,"""安順國中""",台南市安南區,"""安和路三段227號""","""23.04961""","""120.21859""",8.0
30211,"""501316020""",3,300211,"""州北里運動公園""",台南市安南區,"""安昌街22號""","""23.06793""","""120.21785""",8.0
30212,"""501316021""",3,300212,"""州南公園""",台南市安南區,"""長和路三段133巷66弄9號北側""","""23.06184""","""120.21676""",8.0
30213,"""501316022""",3,300213,"""亞太棒球中心(少棒主球場)""",台南市安南區,"""環館路255號""","""23.06309""","""120.23621""",8.0
30214,"""501316023""",3,300214,"""安西停4停車場""",台南市安南區,"""安西路101號東側""","""23.03158""","""120.20919""",8.0
30215,"""501316024""",3,300215,"""慈雲公園""",台南市安南區,"""安中路一段209號""","""23.03669""","""120.20613""",8.0
30216,"""501316025""",3,300216,"""和順市場""",台南市安南區,"""安中路一段678號西側""","""23.04265""","""120.19642""",8.0
30217,"""501316026""",3,300217,"""理想公園""",台南市安南區,"""大安街135號""","""23.03325""","""120.19312""",8.0
30218,"""501316027""",3,300218,"""海尾海佃""",台南市安南區,"""海佃路二段335號""","""23.03856""","""120.18768""",8.0
30219,"""501316028""",3,300219,"""土城高中""",台南市安南區,"""安中路五段265號""","""23.05776""","""120.15012""",8.0
30220,"""501316030""",3,300220,"""大道公園""",台南市安南區,"""海環街186號""","""23.03737""","""120.18331""",8.0
30221,"""501316031""",3,300221,"""安富公園""",台南市安南區,"""海佃路一段158巷174號北側""","""23.02525""","""120.19753""",8.0
30222,"""501316032""",3,300222,"""北安橋(府安)""",台南市安南區,"""北安路二段32巷2號西側""","""23.02529""","""120.20540""",8.0
30223,"""501316033""",3,300223,"""吉祥公園""",台南市安南區,"""海佃路四段490巷27號東側""","""23.06466""","""120.17400""",8.0
30224,"""501316034""",3,300224,"""神榕公園""",台南市安南區,"""公學路四段54巷41號北側""","""23.06927""","""120.17810""",8.0
30225,"""501316035""",3,300225,"""本淵寮公有市場""",台南市安南區,"""本原街三段26號南側""","""23.05312""","""120.17768""",8.0
30226,"""501316036""",3,300226,"""溪心公園""",台南市安南區,"""功安四街43號對側""","""23.05033""","""120.18278""",8.0
30227,"""501316037""",3,300227,"""安東公園""",台南市安南區,"""安和路一段478巷2弄120號""","""23.03414""","""120.21322""",8.0
30228,"""501316038""",3,300228,"""樂成公園""",台南市安南區,"""安通路四段47巷28號對側""","""23.03009""","""120.21097""",8.0
30229,"""501316040""",3,300229,"""吉安公園""",台南市安南區,"""義吉街/義吉街86巷口""","""23.03141""","""120.19523""",8.0
30230,"""501316041""",3,300230,"""安通公園""",台南市安南區,"""海前路2號(東側)""","""23.02968""","""120.18895""",8.0
30231,"""501317001""",3,300231,"""西港中央公園""",台南市西港區,"""新興街8-77號(西南側)""","""23.11678""","""120.20220""",7.0
30232,"""501317002""",3,300232,"""西港區公所""",台南市西港區,"""文化路1號""","""23.12304""","""120.20315""",7.0
30233,"""501318001""",3,300233,"""進學路停車場""",台南市佳里區,"""進學路256號南側""","""23.16405""","""120.17571""",4.0
30234,"""501318002""",3,300234,"""佳里國小(文化路)""",台南市佳里區,"""文化路349-1號北側""","""23.16319""","""120.17271""",4.0
30235,"""501318003""",3,300235,"""佳里公園""",台南市佳里區,"""佳里區六安里269號北側""","""23.16832""","""120.17803""",4.0
30236,"""501318004""",3,300236,"""蕭壠文化園區""",台南市佳里區,"""佳里區六安里130號""","""23.17286""","""120.17937""",4.0
30237,"""501318005""",3,300237,"""北門農工""",台南市佳里區,"""佳里區六安里117號""","""23.17496""","""120.18033""",4.0
30238,"""501318006""",3,300238,"""佳里國中""",台南市佳里區,"""新生路508號對側""","""23.15867""","""120.17062""",4.0
30239,"""501318007""",3,300239,"""佳里區公所""",台南市佳里區,"""忠孝路7號對側""","""23.16551""","""120.17647""",4.0
30240,"""501318008""",3,300240,"""佳里區仁愛國小""",台南市佳里區,"""仁愛路307號""","""23.15393""","""120.17849""",4.0
30241,"""501319001""",3,300241,"""葫蘆埤自然公園""",台南市官田區,"""中山路二段207號""","""23.19837""","""120.29699""",20.0
30242,"""501319002""",3,300242,"""官田體育公園""",台南市官田區,"""中山路一段127號南側""","""23.19143""","""120.31542""",20.0
30243,"""501319003""",3,300243,"""隆田車站""",台南市官田區,"""中山路一段1號""","""23.19249""","""120.31913""",20.0
30244,"""501319005""",3,300244,"""隆田車站(東側)""",台南市官田區,"""中山路一段1號東側""","""23.19287""","""120.31995""",20.0
30245,"""501319006""",3,300245,"""工社站""",台南市官田區,"""工社西街21巷198號""","""23.22062""","""120.33069""",20.0
30246,"""501319007""",3,300246,"""二鎮森林公園""",台南市官田區,"""工社南街8號""","""23.21733""","""120.32439""",20.0
30247,"""501320001""",3,300247,"""東山運動公園""",台南市東山區,"""中興南路26號東側""","""23.31878""","""120.40338""",16.0
30248,"""501320002""",3,300248,"""新東路外停車場""",台南市東山區,"""新東路一段42號西側""","""23.32247""","""120.40173""",16.0
30249,"""501320003""",3,300249,"""東山區公所""",台南市東山區,"""東山區東山里225號""","""23.32624""","""120.40506""",16.0
30250,"""501321001""",3,300250,"""陽光公園(生產路)""",台南市東區,"""生產路257號南側""","""22.96475""","""120.22765""",25.0
30251,"""501321002""",3,300251,"""平實公園""",台南市東區,"""小東路513號南側""","""22.99833""","""120.23606""",25.0
30252,"""501321003""",3,300252,"""成大公園""",台南市東區,"""育樂街88號旁""","""22.99653""","""120.21491""",25.0
30253,"""501321004""",3,300253,"""勝利大學路口""",台南市東區,"""勝利路/大學路口(東南側)""","""22.99614""","""120.21822""",25.0
30254,"""501321005""",3,300254,"""馬雅各青年公園""",台南市東區,"""青年路360號(對側人行道)""","""22.99139""","""120.21502""",25.0
30255,"""501321006""",3,300255,"""東寧運動公園""",台南市東區,"""東寧路220號北側""","""22.99114""","""120.22462""",25.0
30256,"""501321007""",3,300256,"""衛生局(林森辦公室)""",台南市東區,"""林森路一段418號旁""","""22.98537""","""120.22246""",25.0
30257,"""501321008""",3,300257,"""時代公園""",台南市東區,"""東寧路520號北側""","""22.98929""","""120.23116""",25.0
30258,"""501321009""",3,300258,"""虎尾寮市場""",台南市東區,"""裕平路/裕和二街(西北側)""","""22.98509""","""120.2409""",25.0
30259,"""501321010""",3,300259,"""裕文圖書館""",台南市東區,"""裕文路301號(對側人行道)""","""22.98218""","""120.24588""",25.0
30260,"""501321011""",3,300260,"""德光公園""",台南市東區,"""崇德路111號""","""22.97976""","""120.21934""",25.0
30261,"""501321012""",3,300261,"""和平公園""",台南市東區,"""文化路100號前""","""22.97705""","""120.23231""",25.0
30262,"""501321013""",3,300262,"""巴克禮公園""",台南市東區,"""中華東路三段357巷/中華東路三段口(西南側)""","""22.9738""","""120.2224""",25.0
30263,"""501321014""",3,300263,"""崇明路停E6""",台南市東區,"""崇明路/崇明二十街(西南側)""","""22.96897""","""120.22558""",25.0
30264,"""501321015""",3,300264,"""臺南監理站""",台南市東區,"""崇德路1號前""","""22.98139""","""120.21782""",25.0
30265,"""501321016""",3,300265,"""車鑑會""",台南市東區,"""府連東路/林森路一段口(西北側)""","""22.98372""","""120.21946""",25.0
30266,"""501321017""",3,300266,"""大學路停車場""",台南市東區,"""大學路西段/育樂街66巷口""","""22.99657""","""120.21580""",25.0
30267,"""501321018""",3,300267,"""臺南一中""",台南市東區,"""勝利路/東寧路口(東北側)""","""22.99271""","""120.21789""",25.0
30268,"""501321019""",3,300268,"""忠孝國中(崇仁龍山)""",台南市東區,"""崇仁街72號前""","""22.98396""","""120.22339""",25.0
30269,"""501321020""",3,300269,"""文化公園""",台南市東區,"""文化二街/文化一街(東北側)""","""22.97790""","""120.23104""",25.0
30270,"""501321023""",3,300270,"""東興公園(東安路251巷)""",台南市東區,"""東安路251巷60號(對側人行道)""","""22.99684""","""120.22565""",25.0
30271,"""501321024""",3,300271,"""東興公園(林森路)""",台南市東區,"""林森路二段/東和路口(東南側)""","""22.99765""","""120.22444""",25.0
30272,"""501321025""",3,300272,"""臺南車站(前站一)""",台南市東區,"""北門路二段12號旁""","""22.99797""","""120.21238""",25.0
30273,"""501321026""",3,300273,"""生產崇聖""",台南市東區,"""生產路68號""","""22.96469""","""120.21999""",25.0
30274,"""501321027""",3,300274,"""大智公園""",台南市東區,"""德東街101號南側""","""22.96167""","""120.23038""",25.0
30275,"""501321028""",3,300275,"""竹篙厝公園""",台南市東區,"""仁和路366號東側""","""22.96447""","""120.23705""",25.0
30276,"""501321029""",3,300276,"""富農公園""",台南市東區,"""富農街一段188巷10弄32號東側""","""22.98132""","""120.23520""",25.0
30277,"""501321030""",3,300277,"""關聖公園""",台南市東區,"""裕文一街153號東側""","""22.98652""","""120.24639""",25.0
30278,"""501321031""",3,300278,"""榮譽街停車場(崇明路308巷口)""",台南市東區,"""崇明路304號西南側""","""22.97737""","""120.21982""",25.0
30279,"""501321032""",3,300279,"""忠孝公園(榮譽街127巷口)""",台南市東區,"""榮譽街160號北側""","""22.97585""","""120.21945""",25.0
30280,"""501321033""",3,300280,"""東門城圓環(慶東街)""",台南市東區,"""東門路一段187號""","""22.98763""","""120.21558""",25.0
30281,"""501321034""",3,300281,"""南聖公園""",台南市東區,"""裕和路305號東側""","""22.98800""","""120.24523""",25.0
30282,"""501321035""",3,300282,"""小東前鋒""",台南市東區,"""小東路15號南側""","""23.00113""","""120.21495""",25.0
30283,"""501321036""",3,300283,"""城垣小東門段殘蹟""",台南市東區,"""勝利路(城垣小東門段殘蹟)""","""22.99954""","""120.21851""",25.0
30284,"""501321038""",3,300284,"""大學長榮""",台南市東區,"""長榮路三段139號東北側""","""22.99602""","""120.22216""",25.0
30285,"""501321039""",3,300285,"""林森大學""",台南市東區,"""林森路二段260號東側""","""22.99566""","""120.22389""",25.0
30286,"""501321040""",3,300286,"""裕華公園""",台南市東區,"""裕華三街37號西側""","""22.97863""","""120.24670""",25.0
30287,"""501321041""",3,300287,"""立德一路5巷""",台南市東區,"""立德八路26號南側""","""22.97641""","""120.21456""",25.0
30288,"""501321042""",3,300288,"""巴克禮紀念公園(崇興路)""",台南市東區,"""崇興路/巴克禮路口(東北側)""","""22.96862""","""120.22232""",25.0
30289,"""501321043""",3,300289,"""崇明E6停車場(崇興路)""",台南市東區,"""崇興路/崇明路口(西北側)""","""22.96863""","""120.22439""",25.0
30290,"""501321044""",3,300290,"""崇善公園""",台南市東區,"""崇善四街5號南側""","""22.97465""","""120.22966""",25.0
30291,"""501321045""",3,300291,"""府東街41巷""",台南市東區,"""府東街41巷23號""","""22.98480""","""120.21966""",25.0
30292,"""501321046""",3,300292,"""勝利國小(長榮路)""",台南市東區,"""長榮路二段88號西側""","""22.98869""","""120.21947""",25.0
30293,"""501321048""",3,300293,"""慈幼工商""",台南市東區,"""裕農路801號""","""22.98914""","""120.23918""",25.0
30294,"""501321050""",3,300294,"""臺南文化創意產業園區""",台南市東區,"""北門路二段16號""","""22.99948""","""120.21273""",25.0
30295,"""501321052""",3,300295,"""臺南車站(前鋒路)""",台南市東區,"""前鋒路201號東側""","""22.99716""","""120.21366""",25.0
30296,"""501321053""",3,300296,"""東光路地下停車場""",台南市東區,"""東光路一段51號東側""","""22.99215""","""120.23123""",25.0
30297,"""501321056""",3,300297,"""德高國小""",台南市東區,"""崇善路1155號""","""22.96209""","""120.23633""",25.0
30298,"""501321057""",3,300298,"""長榮高中""",台南市東區,"""林森路二段79號""","""22.98739""","""120.22292""",25.0
30299,"""501321058""",3,300299,"""文良公園""",台南市東區,"""文化六街60號對側""","""22.97483""","""120.23239""",25.0
30300,"""501321059""",3,300300,"""平實後甲路口""",台南市東區,"""平實路101號（對側公園）""","""22.99246""","""120.23623""",25.0
30301,"""501321060""",3,300301,"""文聖公園""",台南市東區,"""裕忠路255號""","""22.98301""","""120.24189""",25.0
30302,"""501321061""",3,300302,"""長榮女中""",台南市東區,"""長榮路二段135號""","""22.99109""","""120.22115""",25.0
30303,"""501323001""",3,300303,"""水萍塭公園(夏林路)""",台南市南區,"""夏林路1-7號(對側人行道)""","""22.98615""","""120.19475""",1.0
30304,"""501323002""",3,300304,"""臺南高商""",台南市南區,"""南門路/健康路一段口(西南側)""","""22.98066""","""120.20353""",1.0
30305,"""501323003""",3,300305,"""忠烈祠""",台南市南區,"""健康路一段48號(對側人行道)""","""22.98117""","""120.21054""",1.0
30306,"""501323004""",3,300306,"""日新國小""",台南市南區,"""金華路一段476號(對側人行道)""","""22.97271""","""120.19054""",1.0
30307,"""501323005""",3,300307,"""鹽埕圖書館""",台南市南區,"""新和東路51號(對側人行道)""","""22.96742""","""120.18786""",1.0
30308,"""501323006""",3,300308,"""南區區公所(公兒26公園)""",台南市南區,"""中華南路二段251號旁""","""22.96154""","""120.18743""",1.0
30309,"""501323007""",3,300309,"""新興國小""",台南市南區,"""夏林路248號(對側人行道)""","""22.97860""","""120.19530""",1.0
30310,"""501323008""",3,300310,"""黃金海岸""",台南市南區,"""黃金海岸遊客中心(南側廣場)""","""22.93058""","""120.17631""",1.0
30311,"""501323009""",3,300311,"""萬年公園""",台南市南區,"""灣裡路與灣裡路61巷(萬年公園侯車亭旁)""","""22.93306""","""120.18056""",1.0
30312,"""501323010""",3,300312,"""水萍塭公園(金華路)""",台南市南區,"""金華路二段381號東側""","""22.98633""","""120.19201""",1.0
30313,"""501323012""",3,300313,"""瀨口公園""",台南市南區,"""中華西路一段438號(對側人行道)""","""22.98540""","""120.18636""",1.0
30314,"""501323013""",3,300314,"""健康綠洲公園""",台南市南區,"""仁南街/仁南一街口""","""22.98286""","""120.18433""",1.0
30315,"""501323014""",3,300315,"""興昌水交社""",台南市南區,"""興昌路/水交社路口(北側)""","""22.97682""","""120.20046""",1.0
30316,"""501323015""",3,300316,"""水交社文創園區""",台南市南區,"""水交社一街/興中街63巷口(西南側)""","""22.97818""","""120.20157""",1.0
30317,"""501323016""",3,300317,"""西門健康停車場""",台南市南區,"""西門路一段469號""","""22.98155""","""120.19737""",1.0
30318,"""501323017""",3,300318,"""文華公園""",台南市南區,"""永華路一段275號""","""22.98852""","""120.18956""",1.0
30319,"""501323018""",3,300319,"""亞洲餐旅""",台南市南區,"""大成路一段5號""","""22.97497""","""120.20288""",1.0
30320,"""501323019""",3,300320,"""南寧高中""",台南市南區,"""萬年路165號前""","""22.93491""","""120.18588""",1.0
30321,"""501323020""",3,300321,"""明和公園""",台南市南區,"""新興路/新建路口""","""22.97394""","""120.18501""",1.0
30322,"""501323022""",3,300322,"""新都永成""",台南市南區,"""新都路396號""","""22.96724""","""120.19456""",1.0
30323,"""501323023""",3,300323,"""新生公園(大林路)""",台南市南區,"""大林路77號北側""","""22.97592""","""120.21202""",1.0
30324,"""501323024""",3,300324,"""喜樹喜明""",台南市南區,"""喜樹路220號旁""","""22.94140""","""120.17836""",1.0
30325,"""501323025""",3,300325,"""郡南二號公園""",台南市南區,"""新都路/新都路329巷口""","""22.96732""","""120.19681""",1.0
30326,"""501323026""",3,300326,"""大成國中""",台南市南區,"""新興東路/西門路一段口""","""22.97955""","""120.19809""",1.0
30327,"""501323027""",3,300327,"""永成路3段公兒S45公園""",台南市南區,"""永成路三段622號旁""","""22.97224""","""120.19543""",1.0
30328,"""501323028""",3,300328,"""開南公園""",台南市南區,"""新建路/新建路53巷口""","""22.96601""","""120.18523""",1.0
30329,"""501323030""",3,300329,"""新興國中""",台南市南區,"""中華西路一段89號對側""","""22.97770""","""120.18473""",1.0
30330,"""501323031""",3,300330,"""金華路二段147巷37弄口""",台南市南區,"""慶南街201號""","""22.98022""","""120.18963""",1.0
30331,"""501323032""",3,300331,"""疾病管制署南區管制中心""",台南市南區,"""大同路二段752號""","""22.96549""","""120.21606""",1.0
30332,"""501323036""",3,300332,"""台南市極限運動場""",台南市南區,"""體育路10號""","""22.97835""","""120.20729""",1.0
30333,"""501323037""",3,300333,"""中華西路一段70巷""",台南市南區,"""中華西路一段70巷/中華西路一段口""","""22.97168""","""120.18422""",1.0
30334,"""501324002""",3,300334,"""後壁車站""",台南市後壁區,"""後壁區後壁里後壁77號""","""23.36593""","""120.36048""",10.0
30335,"""501324003""",3,300335,"""後壁區公所""",台南市後壁區,"""後壁區後壁里後壁129號""","""23.36585""","""120.36221""",10.0
30336,"""501324004""",3,300336,"""後壁國小(展演中心)""",台南市後壁區,"""後壁區後壁里後壁195號""","""23.36703""","""120.36656""",10.0
30337,"""501324005""",3,300337,"""無米樂旅遊服務中心""",台南市後壁區,"""後壁區菁寮里菁寮75號""","""23.37871""","""120.33528""",10.0
30338,"""501325001""",3,300338,"""柳營區公所""",台南市柳營區,"""柳營路二段59號""","""23.27843""","""120.31192""",28.0
30339,"""501325003""",3,300339,"""柳營車站""",台南市柳營區,"""建國路1號""","""23.27758""","""120.32245""",28.0
30340,"""501327001""",3,300340,"""麻豆轉運站(北側)""",台南市麻豆區,"""麻佳路一段80號""","""23.18567""","""120.23921""",14.0
30341,"""501327002""",3,300341,"""麻豆區衛生所""",台南市麻豆區,"""興國路11-1號南側""","""23.18229""","""120.24820""",14.0
30342,"""501327003""",3,300342,"""麻豆國中(活動中心)""",台南市麻豆區,"""麻豆區南勢里36號""","""23.18357""","""120.26091""",14.0
30343,"""501327004""",3,300343,"""總爺藝文中心紅樓(西側)""",台南市麻豆區,"""麻豆區南勢里總爺5號""","""23.18460""","""120.26783""",14.0
30344,"""501327005""",3,300344,"""曾文農工""",台南市麻豆區,"""麻豆區南勢里南勢1號(忠孝路)""","""23.18734""","""120.26373""",14.0
30345,"""501327006""",3,300345,"""麻豆新樓醫院""",台南市麻豆區,"""麻佳路一段207號""","""23.18076""","""120.23282""",14.0
30346,"""501327009""",3,300346,"""曾文家商""",台南市麻豆區,"""和平路9號""","""23.17904""","""120.24511""",14.0
30347,"""501328001""",3,300347,"""南科台積電(十四A)""",台南市善化區,"""南科北路/南科八路口(西北側)""","""23.1145""","""120.27483""",29.0
30348,"""501328002""",3,300348,"""霞客湖""",台南市善化區,"""南科七路/三抱竹路口(東南側)""","""23.10799""","""120.26996""",29.0
30349,"""501328003""",3,300349,"""南科健康生活館""",台南市善化區,"""環東路二段20號前""","""23.11406""","""120.28186""",29.0
30350,"""501328004""",3,300350,"""善化車站""",台南市善化區,"""中山路20號前""","""23.13364""","""120.30599""",29.0
30351,"""501328005""",3,300351,"""善化高中""",台南市善化區,"""大成路160號對側""","""23.13015""","""120.30167""",29.0
30352,"""501328006""",3,300352,"""南科車站""",台南市善化區,"""臺鐵南科站(西出口西拉雅大橋下)""","""23.10788""","""120.30206""",29.0
30353,"""501328007""",3,300353,"""善化區公所(公園路)""",台南市善化區,"""建國路190號西北側""","""23.13305""","""120.29624""",29.0
30354,"""501328008""",3,300354,"""凱比吉公園""",台南市善化區,"""光復一街66號南側""","""23.1281""","""120.29298""",29.0
30355,"""501328010""",3,300355,"""南科車站(東側)""",台南市善化區,"""西拉雅大道412號西側""","""23.10779""","""120.30222""",29.0
30356,"""501328011""",3,300356,"""LM陽光電城停車場""",台南市善化區,"""龍目井路409號北側""","""23.10948""","""120.30605""",29.0
30357,"""501328012""",3,300357,"""LM蓮潭公園(北側)""",台南市善化區,"""蓮潭路282號東南側""","""23.11342""","""120.30522""",29.0
30358,"""501328013""",3,300358,"""蓮潭國中小""",台南市善化區,"""蓮潭北一街57號北側""","""23.11518""","""120.30942""",29.0
30359,"""501328014""",3,300359,"""LM兒北公園""",台南市善化區,"""陽光北一路/蓮潭北二街口""","""23.11666""","""120.30525""",29.0
30360,"""501328016""",3,300360,"""大成國小""",台南市善化區,"""大成路385號""","""23.12919""","""120.29545""",29.0
30361,"""501328018""",3,300361,"""善糖文化園區(南122)""",台南市善化區,"""善化區溪美里310號(南122)""","""23.15327""","""120.28990""",29.0
30362,"""501329001""",3,300362,"""新化武德殿""",台南市新化區,"""和平街53號前""","""23.03355""","""120.30926""",23.0
30363,"""501329003""",3,300363,"""新化體育公園""",台南市新化區,"""公園路110號""","""23.02954""","""120.30652""",23.0
30364,"""501329004""",3,300364,"""新化國中""",台南市新化區,"""民生路43號東側""","""23.03562""","""120.31153""",23.0
30365,"""501329005""",3,300365,"""楊逵文學紀念館""",台南市新化區,"""中正路488號""","""23.03781""","""120.30746""",23.0
30366,"""501329006""",3,300366,"""大智路豐榮洋子(活動中心)""",台南市新化區,"""新化區豐榮里洋子164號""","""23.03371""","""120.29797""",23.0
30367,"""501329007""",3,300367,"""新化果菜市場(觀光入口)""",台南市新化區,"""護東路335號""","""23.03514""","""120.32955""",23.0
30368,"""501329010""",3,300368,"""新化高工""",台南市新化區,"""信義路54號""","""23.03822""","""120.31878""",23.0
30369,"""501329011""",3,300369,"""虎頭埤停車場""",台南市新化區,"""中興路104巷96號西側""","""23.02736""","""120.33519""",23.0
30370,"""501330001""",3,300370,"""南科管理局""",台南市新市區,"""南科三路17號前""","""23.09865""","""120.28203""",32.0
30371,"""501330002""",3,300371,"""新市車站""",台南市新市區,"""中華路1號(東北側)""","""23.06834369""","""120.2902169""",32.0
30372,"""501330003""",3,300372,"""臺灣史前博物館(南科考古館)""",台南市新市區,"""南科三路10號(北側停車場前)""","""23.10189""","""120.28391""",32.0
30373,"""501330004""",3,300373,"""南科社區中心""",台南市新市區,"""大順三路125號前""","""23.10225""","""120.28843""",32.0
30374,"""501330005""",3,300374,"""新市區公所""",台南市新市區,"""中興街12號""","""23.07883""","""120.29502""",32.0
30375,"""501330006""",3,300375,"""民生富中""",台南市新市區,"""民生路112號""","""23.08009""","""120.28816""",32.0
30376,"""501330007""",3,300376,"""新市區公所游泳池""",台南市新市區,"""民族路76號""","""23.08314""","""120.30046""",32.0
30377,"""501330008""",3,300377,"""南科實驗高中-國中部""",台南市新市區,"""西拉雅大道888巷1號""","""23.10512""","""120.29135""",32.0
30378,"""501330010""",3,300378,"""國立成功大學台達大樓""",台南市新市區,"""西拉雅大道861號""","""23.10427""","""120.29008""",32.0
30379,"""501331001""",3,300379,"""新營美術園區""",台南市新營區,"""公園路一段/中華路口""","""23.30503""","""120.30632""",27.0
30380,"""501331002""",3,300380,"""新營高中""",台南市新營區,"""民權路101號(南側)""","""23.3079""","""120.31223""",27.0
30381,"""501331004""",3,300381,"""新營車站""",台南市新營區,"""中山路1號(東南側)""","""23.30647""","""120.32277""",27.0
30382,"""501331005""",3,300382,"""天鵝湖公園""",台南市新營區,"""中正路556-1號(停車場入口旁)""","""23.33157""","""120.31718""",27.0
30383,"""501331006""",3,300383,"""臺南市政府(民治中心)""",台南市新營區,"""民治路36號前""","""23.3110517""","""120.3146244""",27.0
30384,"""501331007""",3,300384,"""新營轉運站""",台南市新營區,"""新運二路/新運五路(東北側)""","""23.31069""","""120.28218""",27.0
30385,"""501331008""",3,300385,"""南新國中""",台南市新營區,"""民治路150號(對側人行道)""","""23.30933""","""120.30762""",27.0
30386,"""501331009""",3,300386,"""新營高工""",台南市新營區,"""中正路39-3號(對側人行道)""","""23.31392""","""120.31668""",27.0
30387,"""501331010""",3,300387,"""衛生局(東興辦公室)""",台南市新營區,"""東興路163號""","""23.31511""","""120.32299""",27.0
30388,"""501331011""",3,300388,"""長榮復興(客運站)""",台南市新營區,"""長榮路三段75號旁""","""23.30565""","""120.29342""",27.0
30389,"""501331012""",3,300389,"""新營體育場第二停車場""",台南市新營區,"""長榮路二段/健康路口""","""23.31984""","""120.31187""",27.0
30390,"""501331014""",3,300390,"""長勝營區(建業路)""",台南市新營區,"""新長勝三街33號""","""23.29854""","""120.30475""",27.0
30391,"""501331015""",3,300391,"""同濟街停車場""",台南市新營區,"""同濟街107號東側""","""23.30899""","""120.32021""",27.0
30392,"""501331016""",3,300392,"""新營國小""",台南市新營區,"""中正路4號""","""23.30676""","""120.31617""",27.0
30393,"""501331017""",3,300393,"""新營交通台""",台南市新營區,"""中山路300號""","""23.30258""","""120.31371""",27.0
30394,"""501331018""",3,300394,"""新南公園(隋唐街)""",台南市新營區,"""隋唐街200號""","""23.30807""","""120.30114""",27.0
30395,"""501331019""",3,300395,"""南梓實驗小學附幼(太子路)""",台南市新營區,"""太子路141號(對側)""","""23.30200""","""120.29562""",27.0
30396,"""501331020""",3,300396,"""新環保公園(東學路)""",台南市新營區,"""東學路96號(對側人行道)""","""23.31541""","""120.32459""",27.0
30397,"""501331021""",3,300397,"""新東環保公園(東泰路)""",台南市新營區,"""東泰路17號""","""23.31767""","""120.32662""",27.0
30398,"""501331022""",3,300398,"""民族路公有停車場""",台南市新營區,"""民族路291號""","""23.31844""","""120.31932""",27.0
30399,"""501331023""",3,300399,"""新營高中(民治路)""",台南市新營區,"""民治路80-4號南側""","""23.31021""","""120.31074""",27.0
30400,"""501331025""",3,300400,"""長春街134巷""",台南市新營區,"""忠義街28號""","""23.30216""","""120.31077""",27.0
30401,"""501331026""",3,300401,"""育德工家""",台南市新營區,"""健康路211號""","""23.31582""","""120.31185""",27.0
30402,"""501331029""",3,300402,"""新營體育場第三停車場""",台南市新營區,"""長榮路二段/三興街口""","""23.31967""","""120.30895""",27.0
30403,"""501331030""",3,300403,"""府西路137巷""",台南市新營區,"""府西路135號對側""","""23.31509""","""120.31373""",27.0
30404,"""501331031""",3,300404,"""臺南市政府民治停車場""",台南市新營區,"""中正路35巷45號對側""","""23.31273""","""120.31436""",27.0
30405,"""501331032""",3,300405,"""南光高中""",台南市新營區,"""中興路62號""","""23.29815""","""120.31505""",27.0
30406,"""501331035""",3,300406,"""隋唐綠廊(長榮路東側)""",台南市新營區,"""隋唐街390號對側""","""23.30855""","""120.29552""",27.0
30407,"""501331036""",3,300407,"""民治綠川路口""",台南市新營區,"""綠川路3號(北側橋下)""","""23.31116""","""120.32483""",27.0
30408,"""501331037""",3,300408,"""南瀛綠都心公園(中正路)""",台南市新營區,"""中正路12號對側""","""23.30936""","""120.31606""",27.0
30409,"""501331038""",3,300409,"""新進路二段445巷25弄口""",台南市新營區,"""公園路二段66號對側""","""23.30174""","""120.30120""",27.0
30410,"""501331039""",3,300410,"""南梓實驗小學""",台南市新營區,"""建業路191號""","""23.29833""","""120.29886""",27.0
30411,"""501332001""",3,300411,"""楠西圖書館""",台南市楠西區,"""中正路309號""","""23.17269""","""120.48714""",26.0
30412,"""501333001""",3,300412,"""華宗紀念公園""",台南市學甲區,"""自強路23號對側""","""23.22870""","""120.18180""",13.0
30413,"""501333002""",3,300413,"""學甲區公所停車場""",台南市學甲區,"""民權路44號(對側)""","""23.23108""","""120.18135""",13.0
30414,"""501335001""",3,300414,"""大臺南會展中心""",台南市歸仁區,"""歸仁十二路3號北側""","""22.92226""","""120.28535""",33.0
30415,"""501335002""",3,300415,"""陽明交通大學(臺南校區)""",台南市歸仁區,"""高發三路(北向人行道)""","""22.9247914""","""120.2945475""",33.0
30416,"""501335003""",3,300416,"""歸仁區公所(中正北路)""",台南市歸仁區,"""中正北路一段11號旁""","""22.9672983""","""120.2946344""",33.0
30417,"""501335004""",3,300417,"""新豐高中""",台南市歸仁區,"""中正北路一段(校門口對側人行道)""","""22.97236""","""120.29538""",33.0
30418,"""501335005""",3,300418,"""沙崙車站""",台南市歸仁區,"""歸仁大道/歸仁十二路口(台鐵橋下)""","""22.92332""","""120.28666""",33.0
30419,"""501335006""",3,300419,"""高鐵台南站""",台南市歸仁區,"""歸仁大道/歸仁十路(西南側)""","""22.92629""","""120.28519""",33.0
30420,"""501335007""",3,300420,"""歸仁文化中心(公園路)""",台南市歸仁區,"""公園路68號南側""","""22.96443""","""120.29823""",33.0
30421,"""501335008""",3,300421,"""歸仁十五高發二""",台南市歸仁區,"""高發二路360號""","""22.92215""","""120.29143""",33.0
30422,"""501335009""",3,300422,"""保西國小""",台南市歸仁區,"""中正北路三段60號""","""22.99182""","""120.29319""",33.0
30423,"""501335010""",3,300423,"""歸仁中山十街口""",台南市歸仁區,"""中山路三段455號""","""22.96872""","""120.27559""",33.0
30424,"""501335011""",3,300424,"""大廟五街""",台南市歸仁區,"""大廟五街12號西側""","""22.99735""","""120.27733""",33.0
30425,"""501335012""",3,300425,"""歸南國小""",台南市歸仁區,"""民權南路171號""","""22.96384""","""120.28782""",33.0
30426,"""501335013""",3,300426,"""臺鐵長榮大學站""",台南市歸仁區,"""長大路17號(西南側)""","""22.90757""","""120.27302""",33.0
30427,"""501335014""",3,300427,"""國科會-研發大樓""",台南市歸仁區,"""歸仁十三路一段6號""","""22.92345""","""120.28877""",33.0
30428,"""501335015""",3,300428,"""長榮大學第三宿舍""",台南市歸仁區,"""臺南市歸仁區長大路1號""","""22.90555""","""120.27456""",33.0
30429,"""501336001""",3,300429,"""關廟轉運站""",台南市關廟區,"""中正路560號""","""22.96353""","""120.33732""",35.0
30430,"""501336002""",3,300430,"""大潭埤旺萊公園""",台南市關廟區,"""旺萊路466巷(公園)""","""22.95722""","""120.34072""",35.0
30431,"""501336003""",3,300431,"""關廟區公所""",台南市關廟區,"""中正路998號""","""22.96281""","""120.32772""",35.0
30432,"""501336004""",3,300432,"""關廟國小""",台南市關廟區,"""文衡路121號""","""22.96355""","""120.32617""",35.0
30433,"""501336005""",3,300433,"""正義武聖""",台南市關廟區,"""正義街37號""","""22.96173""","""120.32527""",35.0
30434,"""501337001""",3,300434,"""鹽水觀光美食城""",台南市鹽水區,"""康樂路56號""","""23.31955""","""120.26859""",30.0
30435,"""501337003""",3,300435,"""南門路停車場""",台南市鹽水區,"""南門路47號西側""","""23.31523""","""120.26743""",30.0
30436,"""501337004""",3,300436,"""鹽水區公所公三停車場""",台南市鹽水區,"""武廟路1號(南側停車場)""","""23.32010""","""120.26492""",30.0
